identity_id,identity,decision,path_count,first_path,denies
svc-backup,svc-backup,none,0,,
svc-ci,svc-ci,none,0,,
svc-etl,svc-etl,none,0,,
u-001,Ada Example,none,0,,
u-002,Bhavna Sample,none,0,,
u-003,Caius Fixture,none,0,,
u-004,Dalia Placeholder,none,0,,
u-005,Emeka Demo,none,0,,
u-006,Farah Example,none,0,,
u-007,Gus Sample,none,0,,
u-008,Hana Fixture,none,0,,
u-009,Idris Placeholder,none,0,,
u-010,Juno Demo,none,0,,
u-011,Kofi Example,none,0,,
u-012,Lena Sample,none,0,,
u-013,Mateo Fixture,none,0,,
u-014,Nadia Placeholder,none,0,,
u-015,Oren Demo,none,0,,
u-016,Quill Sample,none,0,,
u-017,Rosa Fixture,none,0,,
u-018,Sven Placeholder,none,0,,
u-019,Tala Demo,none,0,,
u-020,Uma Example,none,0,,
u-021,Viggo Sample,none,0,,
u-022,Wren Fixture,none,0,,
u-023,Ximena Placeholder,none,0,,
u-024,Yusuf Demo,none,0,,
u-025,Zara Example,none,0,,
u-026,Anil Sample,none,0,,
u-027,Bea Fixture,none,0,,
u-028,Cato Placeholder,none,0,,
u-029,Dev Demo,none,0,,
u-030,Ada Sample,none,0,,
u-031,Caius Placeholder,none,0,,
u-032,Dalia Demo,none,0,,
u-033,Emeka Example,none,0,,
u-034,Farah Sample,none,0,,
u-035,Gus Fixture,none,0,,
u-036,Hana Placeholder,none,0,,
u-037,Idris Demo,none,0,,
u-038,Juno Example,none,0,,
u-039,Kofi Sample,none,0,,
u-040,Lena Fixture,none,0,,
u-041,Mateo Placeholder,none,0,,
u-042,Nadia Demo,none,0,,
u-043,Oren Example,none,0,,
u-044,Priya Sample,none,0,,
u-045,Quill Fixture,none,0,,
u-999,Ximena Placeholder,none,0,,
