item,entitlement,identity,status,resource,privilege,reviewer,state,risk,hints,decision_reason,sod_override
ri-ent-138,ent-138,Dalia Example,active,Payroll (synthetic ERP),payroll.approve,id-mgr-finance,approved,65,sod_conflict|privileged,Needed for payroll preparation,
ri-ent-140,ent-140,Juno Demo,active,Accounts payable,payment.release,id-mgr-finance,pending,65,sod_conflict|privileged,,
ri-ent-141,ent-141,Ada Placeholder,leaver,Production cloud account,prod.admin,id-mgr-eng,revoked,65,orphan|dormant|privileged,Quarterly review: access no longer required,
ri-ent-142,ent-142,Gus Mock,leaver,HR records,hr.edit,id-mgr-people,pending,65,orphan|dormant|privileged,,
ri-ent-018,ent-018,Dalia Example,active,Payroll (synthetic ERP),payroll.create,id-mgr-finance,approved,50,sod_conflict,Also needed,Compensating control: CFO reviews every approved payroll run before release
ri-ent-039,ent-039,Ada Placeholder,leaver,HR records,hr.read,id-mgr-people,pending,50,orphan|dormant,,
ri-ent-054,ent-054,Juno Demo,active,Accounts payable,vendor.create,id-mgr-finance,pending,50,sod_conflict,,
ri-ent-074,ent-074,Gus Mock,leaver,HR records,hr.read,id-mgr-people,pending,50,orphan|dormant,,
ri-ent-101,ent-101,Farah Testcase,suspended,Payroll (synthetic ERP),payroll.view,id-mgr-finance,pending,50,orphan|dormant,,
ri-ent-102,ent-102,Farah Testcase,suspended,Accounts payable,vendor.create,id-mgr-finance,pending,50,orphan|dormant,,
ri-ent-137,ent-137,Dalia Example,active,Payroll (synthetic ERP),payroll.create,id-mgr-finance,pending,50,sod_conflict,,
ri-ent-139,ent-139,Juno Demo,active,Accounts payable,vendor.create,id-mgr-finance,pending,50,sod_conflict,,
ri-ent-002,ent-002,Ada Example,active,Payroll (synthetic ERP),payroll.view,id-mgr-eng,pending,30,self_review,IT manager owns service accounts,
ri-ent-003,ent-003,Ada Example,active,Payroll (synthetic ERP),payroll.create,,pending,38,self_review|no_reviewer,,
ri-ent-004,ent-004,Ada Example,active,Accounts payable,vendor.create,,pending,38,self_review|no_reviewer,,
ri-ent-006,ent-006,Bhavna Sample,active,HR records,hr.read,,pending,38,self_review|no_reviewer,,
ri-ent-009,ent-009,Caius Fixture,active,Production cloud account,prod.readonly,,pending,38,self_review|no_reviewer,,
ri-ent-015,ent-015,Farah Synthetic,active,Contract vault,contracts.read,,pending,38,self_review|no_reviewer,,
ri-ent-145,ent-145,Ada Synthetic,active,Legacy file share,share.admin,,pending,38,dormant|privileged|no_reviewer,,
ri-ent-133,ent-133,svc-etl.example,active,Production cloud account,prod.admin,id-mgr-eng,revoked,37,never_used|privileged,"Bulk: access reviewed, not needed for current role",
ri-ent-053,ent-053,Juno Demo,active,Payroll (synthetic ERP),payroll.approve,id-mgr-finance,pending,35,dormant|privileged,,
ri-ent-105,ent-105,Mateo Placeholder,active,HR records,hr.edit,id-mgr-people,pending,35,dormant|privileged,,
ri-ent-124,ent-124,Juno Testcase,active,Production cloud account,prod.admin,id-mgr-eng,revoked,35,dormant|privileged,"Bulk: access reviewed, not needed for current role",
ri-ent-144,ent-144,Ada Synthetic,active,Contract vault,contracts.sign,id-mgr-legal,pending,35,dormant|privileged,,
ri-ent-008,ent-008,Caius Fixture,active,Source repositories,repo.read,,pending,33,self_review|no_reviewer,,
ri-ent-011,ent-011,Dalia Placeholder,active,Customer CRM,crm.read,,pending,33,self_review|no_reviewer,,
ri-ent-013,ent-013,Emeka Demo,active,Support ticketing,tickets.agent,,pending,33,self_review|no_reviewer,,
ri-ent-143,ent-143,Yusuf Mock,active,Customer CRM,crm.export,id-mgr-sales,pending,32,never_used|privileged,,
ri-ent-038,ent-038,Ada Placeholder,leaver,Internal wiki,wiki.read,id-mgr-people,pending,30,orphan,,
ri-ent-066,ent-066,Lena Example,active,Support ticketing,tickets.admin,id-mgr-support,pending,30,dormant|privileged,,
ri-ent-073,ent-073,Gus Mock,leaver,Internal wiki,wiki.read,id-mgr-people,pending,30,orphan,,
ri-ent-100,ent-100,Farah Testcase,suspended,Internal wiki,wiki.read,id-mgr-people,pending,30,orphan,,
ri-ent-127,ent-127,Quill Placeholder,active,Customer CRM,crm.export,id-mgr-sales,pending,30,dormant|privileged,,
ri-ent-005,ent-005,Bhavna Sample,active,Internal wiki,wiki.read,,pending,28,self_review|no_reviewer,,
ri-ent-050,ent-050,Caius Mock,active,Contract vault,contracts.sign,id-mgr-legal,pending,25,privileged,,
ri-ent-057,ent-057,Quill Sample,active,HR records,hr.edit,id-mgr-people,pending,25,privileged,,
ri-ent-061,ent-061,Ximena Testcase,active,Production cloud account,prod.admin,id-mgr-eng,pending,25,privileged,,
ri-ent-086,ent-086,Priya Example,active,Payroll (synthetic ERP),payroll.approve,id-mgr-finance,pending,25,privileged,,
ri-ent-093,ent-093,Dalia Fixture,active,Production cloud account,prod.admin,id-mgr-eng,pending,25,privileged,,
ri-ent-115,ent-115,Oren Mock,active,Contract vault,contracts.sign,id-mgr-legal,pending,25,privileged,,
ri-ent-131,ent-131,svc-billing.example,active,Production cloud account,prod.admin,id-mgr-eng,pending,25,privileged,,
ri-ent-135,ent-135,svc-backup.example,active,Production cloud account,prod.admin,id-mgr-eng,pending,25,privileged,,
ri-ent-025,ent-025,Rosa Fixture,active,Source repositories,repo.admin,id-mgr-eng,pending,20,privileged,,
ri-ent-031,ent-031,Farah Demo,active,Support ticketing,tickets.admin,id-mgr-support,pending,20,privileged,,
ri-ent-047,ent-047,Viggo Fixture,active,Support ticketing,tickets.admin,id-mgr-support,pending,20,privileged,,
ri-ent-130,ent-130,Ximena Example,active,Support ticketing,tickets.admin,id-mgr-support,pending,20,privileged,,
ri-ent-136,ent-136,svc-backup.example,active,Analytics warehouse,analytics.query,id-mgr-eng,pending,15,dormant,,
ri-ent-146,ent-146,svc-backup.example,active,Legacy file share,share.read,,pending,13,no_reviewer,,
ri-ent-001,ent-001,Ada Example,active,Internal wiki,wiki.read,id-mgr-people,pending,0,,,
ri-ent-007,ent-007,Caius Fixture,active,Internal wiki,wiki.read,id-mgr-people,pending,0,,,
ri-ent-010,ent-010,Dalia Placeholder,active,Internal wiki,wiki.read,id-mgr-people,pending,0,,,
ri-ent-012,ent-012,Emeka Demo,active,Internal wiki,wiki.read,id-mgr-people,pending,0,,,
ri-ent-014,ent-014,Farah Synthetic,active,Internal wiki,wiki.read,id-mgr-people,pending,0,,,
ri-ent-016,ent-016,Dalia Example,active,Internal wiki,wiki.read,id-mgr-finance,pending,0,,,
ri-ent-017,ent-017,Dalia Example,active,Payroll (synthetic ERP),payroll.view,id-mgr-finance,pending,0,,,
ri-ent-019,ent-019,Dalia Example,active,Accounts payable,vendor.create,id-mgr-finance,pending,0,,,
ri-ent-020,ent-020,Dalia Example,active,Accounts payable,invoice.enter,id-mgr-finance,pending,0,,,
ri-ent-021,ent-021,Kofi Synthetic,active,Internal wiki,wiki.read,id-mgr-people,pending,0,,,
ri-ent-022,ent-022,Kofi Synthetic,active,HR records,hr.read,id-mgr-people,pending,0,,,
ri-ent-023,ent-023,Rosa Fixture,active,Internal wiki,wiki.read,id-mgr-eng,pending,0,,,
ri-ent-024,ent-024,Rosa Fixture,active,Source repositories,repo.read,id-mgr-eng,pending,0,,,
ri-ent-026,ent-026,Rosa Fixture,active,Production cloud account,prod.readonly,id-mgr-eng,pending,0,,,
ri-ent-027,ent-027,Yusuf Mock,active,Internal wiki,wiki.read,id-mgr-sales,pending,0,,,
ri-ent-028,ent-028,Yusuf Mock,active,Customer CRM,crm.read,id-mgr-sales,pending,0,,,
ri-ent-029,ent-029,Farah Demo,active,Internal wiki,wiki.read,id-mgr-support,pending,0,,,
ri-ent-030,ent-030,Farah Demo,active,Support ticketing,tickets.agent,id-mgr-support,pending,0,,,
ri-ent-032,ent-032,Mateo Sample,active,Internal wiki,wiki.read,id-mgr-legal,pending,0,,,
ri-ent-033,ent-033,Mateo Sample,active,Contract vault,contracts.read,id-mgr-legal,pending,0,,,
ri-ent-034,ent-034,Tala Testcase,active,Internal wiki,wiki.read,id-mgr-finance,pending,0,,,
ri-ent-035,ent-035,Tala Testcase,active,Payroll (synthetic ERP),payroll.view,id-mgr-finance,pending,0,,,
ri-ent-036,ent-036,Tala Testcase,active,Accounts payable,vendor.create,id-mgr-finance,pending,0,,,
ri-ent-037,ent-037,Tala Testcase,active,Accounts payable,invoice.enter,id-mgr-finance,pending,0,,,
ri-ent-040,ent-040,Hana Example,active,Internal wiki,wiki.read,id-mgr-eng,pending,0,,,
ri-ent-041,ent-041,Hana Example,active,Source repositories,repo.read,id-mgr-eng,pending,0,,,
ri-ent-042,ent-042,Hana Example,active,Production cloud account,prod.readonly,id-mgr-eng,pending,0,,,
ri-ent-043,ent-043,Oren Synthetic,active,Internal wiki,wiki.read,id-mgr-sales,pending,0,,,
ri-ent-044,ent-044,Oren Synthetic,active,Customer CRM,crm.read,id-mgr-sales,pending,0,,,
ri-ent-045,ent-045,Viggo Fixture,active,Internal wiki,wiki.read,id-mgr-support,pending,0,,,
ri-ent-046,ent-046,Viggo Fixture,active,Support ticketing,tickets.agent,id-mgr-support,pending,0,,,
ri-ent-048,ent-048,Caius Mock,active,Internal wiki,wiki.read,id-mgr-legal,pending,0,,,
ri-ent-049,ent-049,Caius Mock,active,Contract vault,contracts.read,id-mgr-legal,pending,0,,,
ri-ent-051,ent-051,Juno Demo,active,Internal wiki,wiki.read,id-mgr-finance,pending,0,,,
ri-ent-052,ent-052,Juno Demo,active,Payroll (synthetic ERP),payroll.view,id-mgr-finance,pending,0,,,
ri-ent-055,ent-055,Quill Sample,active,Internal wiki,wiki.read,id-mgr-people,pending,0,,,
ri-ent-056,ent-056,Quill Sample,active,HR records,hr.read,id-mgr-people,pending,0,,,
ri-ent-058,ent-058,Ximena Testcase,active,Internal wiki,wiki.read,id-mgr-eng,pending,0,,,
ri-ent-059,ent-059,Ximena Testcase,active,Source repositories,repo.read,id-mgr-eng,pending,0,,,
ri-ent-060,ent-060,Ximena Testcase,active,Production cloud account,prod.readonly,id-mgr-eng,pending,0,,,
ri-ent-062,ent-062,Emeka Placeholder,active,Internal wiki,wiki.read,id-mgr-sales,pending,0,,,
ri-ent-063,ent-063,Emeka Placeholder,active,Customer CRM,crm.read,id-mgr-sales,pending,0,,,
ri-ent-064,ent-064,Lena Example,active,Internal wiki,wiki.read,id-mgr-support,pending,0,,,
ri-ent-065,ent-065,Lena Example,active,Support ticketing,tickets.agent,id-mgr-support,pending,0,,,
ri-ent-067,ent-067,Sven Synthetic,active,Internal wiki,wiki.read,id-mgr-legal,pending,0,,,
ri-ent-068,ent-068,Sven Synthetic,active,Contract vault,contracts.read,id-mgr-legal,pending,0,,,
ri-ent-069,ent-069,Zara Fixture,active,Internal wiki,wiki.read,id-mgr-finance,pending,0,,,
ri-ent-070,ent-070,Zara Fixture,active,Payroll (synthetic ERP),payroll.view,id-mgr-finance,pending,0,,,
ri-ent-071,ent-071,Zara Fixture,active,Payroll (synthetic ERP),payroll.create,id-mgr-finance,pending,0,,,
ri-ent-072,ent-072,Zara Fixture,active,Accounts payable,vendor.create,id-mgr-finance,pending,0,,,
ri-ent-075,ent-075,Nadia Demo,active,Internal wiki,wiki.read,id-mgr-eng,pending,0,,,
ri-ent-076,ent-076,Nadia Demo,active,Source repositories,repo.read,id-mgr-eng,pending,0,,,
ri-ent-077,ent-077,Nadia Demo,active,Production cloud account,prod.readonly,id-mgr-eng,pending,0,,,
ri-ent-078,ent-078,Uma Sample,active,Internal wiki,wiki.read,id-mgr-sales,pending,0,,,
ri-ent-079,ent-079,Uma Sample,active,Customer CRM,crm.read,id-mgr-sales,pending,0,,,
ri-ent-080,ent-080,Bhavna Testcase,active,Internal wiki,wiki.read,id-mgr-support,pending,0,,,
ri-ent-081,ent-081,Bhavna Testcase,active,Support ticketing,tickets.agent,id-mgr-support,pending,0,,,
ri-ent-082,ent-082,Idris Placeholder,active,Internal wiki,wiki.read,id-mgr-legal,pending,0,,,
ri-ent-083,ent-083,Idris Placeholder,active,Contract vault,contracts.read,id-mgr-legal,pending,0,,,
ri-ent-084,ent-084,Priya Example,active,Internal wiki,wiki.read,id-mgr-finance,pending,0,,,
ri-ent-085,ent-085,Priya Example,active,Payroll (synthetic ERP),payroll.view,id-mgr-finance,pending,0,,,
ri-ent-087,ent-087,Priya Example,active,Accounts payable,vendor.create,id-mgr-finance,pending,0,,,
ri-ent-088,ent-088,Wren Synthetic,active,Internal wiki,wiki.read,id-mgr-people,pending,0,,,
ri-ent-089,ent-089,Wren Synthetic,active,HR records,hr.read,id-mgr-people,pending,0,,,
ri-ent-090,ent-090,Dalia Fixture,active,Internal wiki,wiki.read,id-mgr-eng,pending,0,,,
ri-ent-091,ent-091,Dalia Fixture,active,Source repositories,repo.read,id-mgr-eng,pending,0,,,
ri-ent-092,ent-092,Dalia Fixture,active,Production cloud account,prod.readonly,id-mgr-eng,pending,0,,,
ri-ent-094,ent-094,Kofi Mock,active,Internal wiki,wiki.read,id-mgr-sales,pending,0,,,
ri-ent-095,ent-095,Kofi Mock,active,Customer CRM,crm.read,id-mgr-sales,pending,0,,,
ri-ent-096,ent-096,Rosa Demo,active,Internal wiki,wiki.read,id-mgr-support,pending,0,,,
ri-ent-097,ent-097,Rosa Demo,active,Support ticketing,tickets.agent,id-mgr-support,pending,0,,,
ri-ent-098,ent-098,Yusuf Sample,active,Internal wiki,wiki.read,id-mgr-legal,pending,0,,,
ri-ent-099,ent-099,Yusuf Sample,active,Contract vault,contracts.read,id-mgr-legal,pending,0,,,
ri-ent-103,ent-103,Mateo Placeholder,active,Internal wiki,wiki.read,id-mgr-people,pending,0,,,
ri-ent-104,ent-104,Mateo Placeholder,active,HR records,hr.read,id-mgr-people,pending,0,,,
ri-ent-106,ent-106,Tala Example,active,Internal wiki,wiki.read,id-mgr-eng,pending,0,,,
ri-ent-107,ent-107,Tala Example,active,Source repositories,repo.read,id-mgr-eng,pending,0,,,
ri-ent-108,ent-108,Tala Example,active,Production cloud account,prod.readonly,id-mgr-eng,pending,0,,,
ri-ent-109,ent-109,Ada Synthetic,active,Internal wiki,wiki.read,id-mgr-people,pending,0,,,
ri-ent-110,ent-110,Ada Synthetic,active,Customer CRM,crm.read,id-mgr-sales,pending,0,,,
ri-ent-111,ent-111,Hana Fixture,active,Internal wiki,wiki.read,id-mgr-support,pending,0,,,
ri-ent-112,ent-112,Hana Fixture,active,Support ticketing,tickets.agent,id-mgr-support,pending,0,,,
ri-ent-113,ent-113,Oren Mock,active,Internal wiki,wiki.read,id-mgr-legal,pending,0,,,
ri-ent-114,ent-114,Oren Mock,active,Contract vault,contracts.read,id-mgr-legal,pending,0,,,
ri-ent-116,ent-116,Viggo Demo,active,Internal wiki,wiki.read,id-mgr-finance,pending,0,,,
ri-ent-117,ent-117,Viggo Demo,active,Payroll (synthetic ERP),payroll.view,id-mgr-finance,pending,0,,,
ri-ent-118,ent-118,Viggo Demo,active,Accounts payable,vendor.create,id-mgr-finance,pending,0,,,
ri-ent-119,ent-119,Caius Sample,active,Internal wiki,wiki.read,id-mgr-people,pending,0,,,
ri-ent-120,ent-120,Caius Sample,active,HR records,hr.read,id-mgr-people,pending,0,,,
ri-ent-121,ent-121,Juno Testcase,active,Internal wiki,wiki.read,id-mgr-eng,pending,0,,,
ri-ent-122,ent-122,Juno Testcase,active,Source repositories,repo.read,id-mgr-eng,pending,0,,,
ri-ent-123,ent-123,Juno Testcase,active,Production cloud account,prod.readonly,id-mgr-eng,pending,0,,,
ri-ent-125,ent-125,Quill Placeholder,active,Internal wiki,wiki.read,id-mgr-sales,pending,0,,,
ri-ent-126,ent-126,Quill Placeholder,active,Customer CRM,crm.read,id-mgr-sales,pending,0,,,
ri-ent-128,ent-128,Ximena Example,active,Internal wiki,wiki.read,id-mgr-support,pending,0,,,
ri-ent-129,ent-129,Ximena Example,active,Support ticketing,tickets.agent,id-mgr-support,pending,0,,,
ri-ent-132,ent-132,svc-billing.example,active,Analytics warehouse,analytics.query,id-mgr-eng,pending,0,,,
ri-ent-134,ent-134,svc-etl.example,active,Analytics warehouse,analytics.query,id-mgr-eng,pending,0,,,
