"vendorId","vendor","tier","kind","detail","dueOn","daysOverdue","priority"
"V-02","Harbour Payroll Services","1","expired-evidence","assurance-report (E-07) expired 2026-01-10.","2026-01-10","264","15"
"V-02","Harbour Payroll Services","1","review-overdue","Periodic review was due 2026-06-30.","2026-06-30","93","12.1"
"V-11","Tidewater Learning","2","expired-evidence","questionnaire (E-25) expired 2026-05-05.","2026-05-05","149","10.97"
"V-06","Bollard Translation Co.","3","expired-evidence","questionnaire (E-17) expired 2026-03-01.","2026-03-01","214","9"
"V-09","Deepwater Data Lake Co.","1","future-dated-evidence","pen-test (E-40) is dated 2027-03-15, after the assessment date — no credit until corrected or the date arrives.","","0","9"
"V-09","Deepwater Data Lake Co.","1","missing-evidence","bcp-dr-test required for tier 1 but not on file.","","0","9"
"V-09","Deepwater Data Lake Co.","1","missing-evidence","insurance required for tier 1 but not on file.","","0","9"
"V-09","Deepwater Data Lake Co.","1","missing-evidence","dpa required for tier 1 but not on file.","","0","9"
"V-09","Deepwater Data Lake Co.","1","review-overdue","No periodic review recorded.","","0","9"
"V-02","Harbour Payroll Services","1","missing-evidence","dpa required for tier 1 but not on file.","","0","9"
"V-07","Skylark Telemetry","1","incomplete-questionnaire","Unanswered: q3, q7 (scored at maximum).","","0","9"
"V-07","Skylark Telemetry","1","missing-evidence","pen-test required for tier 1 but not on file.","","0","9"
"V-07","Skylark Telemetry","1","missing-evidence","bcp-dr-test required for tier 1 but not on file.","","0","9"
"V-07","Skylark Telemetry","1","missing-evidence","insurance required for tier 1 but not on file.","","0","9"
"V-04","Lantern Marketing Cloud","2","exception-expired","Exception X-02 for assurance-report expired 2026-08-31; evidence still missing.","2026-08-31","31","7.03"
"V-14","Brightwater Recruiting","2","expired-evidence","questionnaire (E-36) expired 2026-09-15.","2026-09-15","16","6.53"
"V-01","Northwind Freight Analytics","1","expiring-evidence","pen-test (E-02) expires 2026-10-20 (19 days).","2026-10-20","'-19","6"
"V-07","Skylark Telemetry","1","tier-drift","Recorded tier 2 differs from computed tier 1.","","0","6"
"V-15","Compass Legal Hold","2","exception-expiring","Exception X-03 for assurance-report expires 2026-11-15.","2026-11-15","'-45","4"
"V-15","Compass Legal Hold","2","exception-expiring","Exception X-04 for dpa expires 2026-10-25.","2026-10-25","'-24","4"
"V-03","Quayside Customer Desk","2","tier-drift","Recorded tier 3 differs from computed tier 2.","","0","4"
"V-06","Bollard Translation Co.","3","review-overdue","No periodic review recorded.","","0","3"
"V-08","Mooring Line Insurance Brokers","3","tier-drift","Recorded tier 2 differs from computed tier 3.","","0","2"
"V-13","Anchor Print Shop","3","review-due-soon","Periodic review due 2026-11-10.","2026-11-10","'-40","1"