seq,plan_id,record_id,system,action,executed_on,record_hash,prev_hash,receipt_hash
1,c2aa6286907596911389663de101806e0ee517aec66541706a439ad7b98c2a6f,rec-0018,desk,anonymise,2026-10-01,9de603d4f01b9bd50c52977ab12b8eb9cf91e18d26dd914cb633caf1fdff429d,0000000000000000000000000000000000000000000000000000000000000000,cf7f4a8d1c2fccb1ae5eae14c7b0ff36646267534b081f4514099f488bc31bec
2,c2aa6286907596911389663de101806e0ee517aec66541706a439ad7b98c2a6f,rec-0020,desk,anonymise,2026-10-01,433b61ba47dfd40898b91fe7c1ec97e4a64f51f6b946c283c274a3877a3efc71,cf7f4a8d1c2fccb1ae5eae14c7b0ff36646267534b081f4514099f488bc31bec,ced3f461f868f831fe66934255eaf197eb98a7448167c8b1b135b8ed96f73632
3,c2aa6286907596911389663de101806e0ee517aec66541706a439ad7b98c2a6f,rec-0021,desk,anonymise,2026-10-01,cee948d51ee6dd1e483cc151d5ed77c818c5cfdfb5b57b8f00f3665c1766c282,ced3f461f868f831fe66934255eaf197eb98a7448167c8b1b135b8ed96f73632,d9d2e653c0008761df3f337c429aa9c2282dc4a09c97cdeb2b68bdf4d5afc184
4,c2aa6286907596911389663de101806e0ee517aec66541706a439ad7b98c2a6f,rec-0022,desk,anonymise,2026-10-01,4688488e5c9abd8f764390887b2f8ed0db12e1718cf8738827e811ab14f42cf5,d9d2e653c0008761df3f337c429aa9c2282dc4a09c97cdeb2b68bdf4d5afc184,c747575fb8c4ef87c070ca06101a0bb75a303329d910867ed79d062be3a70e98
5,c2aa6286907596911389663de101806e0ee517aec66541706a439ad7b98c2a6f,rec-0024,desk,anonymise,2026-10-01,83c24477a2af500cf7d921c698c85b02a17611cd9d6383c3b119c09287f1dc39,c747575fb8c4ef87c070ca06101a0bb75a303329d910867ed79d062be3a70e98,2bef4752de0c45251cbe2b07d6615aa63d16d8a2e049667d9881f91a657d0f2b
6,c2aa6286907596911389663de101806e0ee517aec66541706a439ad7b98c2a6f,rec-0026,desk,anonymise,2026-10-01,5397c3710a71f1ed51ee4f2d26d003524d9788dd386e26880ebd43fcfea6aeb9,2bef4752de0c45251cbe2b07d6615aa63d16d8a2e049667d9881f91a657d0f2b,e50ee040185a4c3c38b4b2f4e3e3b27613524147266ad4e46e37d54bf684b67d
7,c2aa6286907596911389663de101806e0ee517aec66541706a439ad7b98c2a6f,rec-0027,desk,anonymise,2026-10-01,32aa479e94e3100c1e1749c08d0b221651b10fc60e00402baae1cec6beb3a806,e50ee040185a4c3c38b4b2f4e3e3b27613524147266ad4e46e37d54bf684b67d,e2a1ae268b41a9e2317b05c8633913e289fd7d1fe2b443bbdc6d688d515ec572
8,c2aa6286907596911389663de101806e0ee517aec66541706a439ad7b98c2a6f,rec-0031,desk,anonymise,2026-10-01,169f182a72a4402d601aa7bb2ff2e76c9913fea4e63b4cca8f585d476fb832f3,e2a1ae268b41a9e2317b05c8633913e289fd7d1fe2b443bbdc6d688d515ec572,8113e0364f9a0016538fc09f04263bd3ca9d59c1f922fc84b0f38005d15edb2f
9,c2aa6286907596911389663de101806e0ee517aec66541706a439ad7b98c2a6f,rec-0034,desk,anonymise,2026-10-01,a45395a98eb0ab153466ed80bc2af2d58b1faaa8f33bad22e852c99a24e0267a,8113e0364f9a0016538fc09f04263bd3ca9d59c1f922fc84b0f38005d15edb2f,0572f27792495f16fe5a3be4abf6e930742579ce299679d863371bea744c328e
10,c2aa6286907596911389663de101806e0ee517aec66541706a439ad7b98c2a6f,rec-0035,desk,anonymise,2026-10-01,ff3bc2fd2bf629fe49dd8f92380318fe4f6a9a0af43a51464cb1b6a4ab1ca95e,0572f27792495f16fe5a3be4abf6e930742579ce299679d863371bea744c328e,964d7002d6f7fab26c90f013533a1a3802cca2bafc0cb40878be7b064802de54
11,c2aa6286907596911389663de101806e0ee517aec66541706a439ad7b98c2a6f,rec-0039,desk,anonymise,2026-10-01,2d21508d6e5586c1fe5e555c5fd38fa4c2ed84087dbf4902eeb309cbc5861df2,964d7002d6f7fab26c90f013533a1a3802cca2bafc0cb40878be7b064802de54,c2880df9a81d422b601427a8ed43267172906b5b083063ad931e82b8acdd2ef6
12,c2aa6286907596911389663de101806e0ee517aec66541706a439ad7b98c2a6f,rec-0040,desk,anonymise,2026-10-01,d4d33223c2f1865e0b63d7987a2d56bf23764ca5fe179de1119852ea7c144660,c2880df9a81d422b601427a8ed43267172906b5b083063ad931e82b8acdd2ef6,3844db9689330f8903db373998bb858aa25258464f43816baee40f35f4764134
13,c2aa6286907596911389663de101806e0ee517aec66541706a439ad7b98c2a6f,rec-0044,mkt,delete,2026-10-01,b6fde5b483ca284da6e56d89dd6aaf52d31d269d08d91bae64df8e8beb0b3a08,3844db9689330f8903db373998bb858aa25258464f43816baee40f35f4764134,6d6dfec8341e3ac30d7aad2524a378633cccedf07e1ca22a5bbdfbc04adac721
14,c2aa6286907596911389663de101806e0ee517aec66541706a439ad7b98c2a6f,rec-0045,mkt,delete,2026-10-01,6b35619ed1a1ccd47a27c375ad6c587fcca85089bbe7fd6859f1937d8194a949,6d6dfec8341e3ac30d7aad2524a378633cccedf07e1ca22a5bbdfbc04adac721,d17ae8db9b7d89d376f4f7fb2aabfe21e17594745e09f8ac350fa0dc900690bc
15,c2aa6286907596911389663de101806e0ee517aec66541706a439ad7b98c2a6f,rec-0046,mkt,delete,2026-10-01,18567e1e805b730852f7cede58712a49245023b27d072a7adfb2c47b4c1fcfa8,d17ae8db9b7d89d376f4f7fb2aabfe21e17594745e09f8ac350fa0dc900690bc,4be702b8e3100cebe26af89217753b386db151abede968e17076ac9ae12508dc
16,c2aa6286907596911389663de101806e0ee517aec66541706a439ad7b98c2a6f,rec-0050,mkt,delete,2026-10-01,f6cf11e34a7e43fb2578f4ac1f71e603a0b0f58e7874cd0a0be2875e0111daf1,4be702b8e3100cebe26af89217753b386db151abede968e17076ac9ae12508dc,47b9e3cbccb2d3f2a929847d949166745528b9bfc4f9cc9410fe8316b25ae876
17,c2aa6286907596911389663de101806e0ee517aec66541706a439ad7b98c2a6f,rec-0051,mkt,delete,2026-10-01,caa312d3f1508b6881183d0472cf9d8394f40399d4a9c9468ab697f5643dc694,47b9e3cbccb2d3f2a929847d949166745528b9bfc4f9cc9410fe8316b25ae876,0abff66b810030041dfe385903dac0866de449e89d6293ff2670e82b6e78ac09
18,c2aa6286907596911389663de101806e0ee517aec66541706a439ad7b98c2a6f,rec-0055,mkt,delete,2026-10-01,deb0b4d4d15de4f84c761d3ff1b019f9873d6361ac83c760bb04bce909f1ff1b,0abff66b810030041dfe385903dac0866de449e89d6293ff2670e82b6e78ac09,f9b18f94b30f83f1bf0aba4dca0b34f61abb85b6bef8c203c05a320109090ecc
19,c2aa6286907596911389663de101806e0ee517aec66541706a439ad7b98c2a6f,rec-0056,mkt,delete,2026-10-01,0a75cf045b9d7665327e3f310d38ce7d335bb066f96d3f7def7c40a1f056e38f,f9b18f94b30f83f1bf0aba4dca0b34f61abb85b6bef8c203c05a320109090ecc,5912648b43eae84ba153f16e03d36ebea1dd8393cd1c8159b84b88731c3e849a
20,c2aa6286907596911389663de101806e0ee517aec66541706a439ad7b98c2a6f,rec-0057,mkt,delete,2026-10-01,899fefd7191719d512e533185b038f2620354f1a605a1ee2243be4754a25af8c,5912648b43eae84ba153f16e03d36ebea1dd8393cd1c8159b84b88731c3e849a,b066d7db7e53ec54f16022dc14ceaa78f64d098986b78bb346761a5959daef76
21,c2aa6286907596911389663de101806e0ee517aec66541706a439ad7b98c2a6f,rec-0058,mkt,delete,2026-10-01,c7d8bf9c1568e6386885da9340fbd12446a0968f6670b5e7bb53761b3ddc6262,b066d7db7e53ec54f16022dc14ceaa78f64d098986b78bb346761a5959daef76,529f64332d068c4fa2c7fdd5081446c6ba9219ee8746bc719531607aa90d807f
22,c2aa6286907596911389663de101806e0ee517aec66541706a439ad7b98c2a6f,rec-0067,desk,anonymise,2026-10-01,779a85f808a5e4b0c53484aacf64cb89971eba7355296b22c22e0d8afe27fbc5,529f64332d068c4fa2c7fdd5081446c6ba9219ee8746bc719531607aa90d807f,84ca688cf5709ab48b36910cde646dec52771a843f408c8cb8f07f729b44bb3f
23,c2aa6286907596911389663de101806e0ee517aec66541706a439ad7b98c2a6f,rec-0068,mkt,delete,2026-10-01,76ad4c958e117eb1c7c81346fdd8ca229d7b65da065291c2e57dd0a7cbac19a6,84ca688cf5709ab48b36910cde646dec52771a843f408c8cb8f07f729b44bb3f,cca503236c5c9add45aaf6a29a8e6e3929067a5adf2c28c8a13fd03d630ecf03
24,8d90429d110b8c571a88b2e3f661e5362452b35658aa72894e625c73fb34d644,rec-0004,hris,delete,2026-10-01,a0cc4fcff819d1b6c15a4d253113223cd90ec1577852a07b16059bd4c305011b,cca503236c5c9add45aaf6a29a8e6e3929067a5adf2c28c8a13fd03d630ecf03,1cf54e8322a6de94808a084c0dae7272af218dcba22728e1c382449268edf74b
25,8d90429d110b8c571a88b2e3f661e5362452b35658aa72894e625c73fb34d644,rec-0008,hris,delete,2026-10-01,e76a1f39c526a999ade305afa40971afa3cc9c30e2a61ff73b1ef47ee3970c80,1cf54e8322a6de94808a084c0dae7272af218dcba22728e1c382449268edf74b,ab652e59f2d409c6329840ff5a31b94c4e7e0a81507d35204587ec293d71dd12
26,8d90429d110b8c571a88b2e3f661e5362452b35658aa72894e625c73fb34d644,rec-0009,hris,delete,2026-10-01,6b1881d396b248d009ed5aff0c53629c66c50c42dd5a57fb35b17e70be4f710d,ab652e59f2d409c6329840ff5a31b94c4e7e0a81507d35204587ec293d71dd12,c71ea27636b2f2bfaaa60a24cbce72fbaf04d922651062fdabfc7a2916b04b4f
27,8d90429d110b8c571a88b2e3f661e5362452b35658aa72894e625c73fb34d644,rec-0011,hris,delete,2026-10-01,81fbe485f255591e7fb7bd204ed20057a0b8f069be1c7faa8828eea4c63c3b4f,c71ea27636b2f2bfaaa60a24cbce72fbaf04d922651062fdabfc7a2916b04b4f,43628863df87b3aa3c55084f050d18f44b2088fe2b747ef0071e03fdc4f0e826
28,8d90429d110b8c571a88b2e3f661e5362452b35658aa72894e625c73fb34d644,rec-0012,hris,delete,2026-10-01,9624acb4d67c30452b65f3855e26664a2c7ea79f1615ae6e00d296926cd1f8be,43628863df87b3aa3c55084f050d18f44b2088fe2b747ef0071e03fdc4f0e826,dd48ccaa91e353c3478db6bd4dd44b45e62982b3b5e21ad8aae5465817decefe
