severity,kind,vendor,agreement,flow,detail
high,deletion_obligation_unmet,MailWave Sample Inc,ag-03,,"""Newsletter delivery"" has ended but deletion (14 days after end) is not evidenced."
high,deletion_obligation_unmet,CloudStash Placeholder,ag-07,,"""Backup storage"" has ended but deletion (90 days after end) is not evidenced."
high,deletion_obligation_unmet,Insightly Example Analytics,ag-10,,"""Legacy survey tool"" has ended but deletion (30 days after end) is not evidenced."
high,expired_but_active,MailWave Sample Inc,ag-03,,"""Newsletter delivery"" ended 2026-07-31 but is still recorded as active."
high,flow_after_end,MailWave Sample Inc,ag-03,fl-03,"Flow fl-03 is still active although ""Newsletter delivery"" is expired (2026-07-31)."
high,flow_after_end,CloudStash Placeholder,ag-07,fl-09,"Flow fl-09 is still active although ""Backup storage"" is terminated (2026-09-30)."
high,flow_after_end,Insightly Example Analytics,ag-10,fl-11,"Flow fl-11 is still active although ""Legacy survey tool"" is terminated (2025-12-31)."
high,flow_category_not_covered,BenefitBridge Demo,ag-06,fl-08,"Flow fl-08 shares identity_documents but ""Employee benefits enrolment"" only covers contact, payroll, health."
high,flow_category_not_covered,Insightly Example Analytics,ag-09,fl-13,"Flow fl-13 shares contact but ""Product analytics"" only covers usage_events."
high,flow_category_not_covered,PayCo Example Ltd,ag-11,fl-15,"Flow fl-15 shares payroll but ""Payslip e-delivery pilot"" only covers nothing."
high,flow_category_not_covered,Helpdeskr Fixture GmbH,ag-12,fl-06,"Flow fl-06 shares contact but ""Helpdeskr AI summaries addendum"" only covers support_history."
high,flow_under_draft,PayCo Example Ltd,ag-11,fl-15,"Flow fl-15 is active but ""Payslip e-delivery pilot"" is still a draft (unsigned); data is moving without an executed agreement."
high,flow_without_agreement,CloudStash Placeholder,,fl-12,Active flow fl-12 to CloudStash Placeholder (bank_details) has no agreement.
medium,contradictory_breach_window,PayCo Example Ltd,ag-01,,"PayCo Example Ltd has conflicting breach-notification windows: 24h in ""Payroll processing DPA"" vs 72h in ""PayCo reporting addendum""."
medium,contradictory_breach_window,Helpdeskr Fixture GmbH,ag-05,,"Helpdeskr Fixture GmbH has conflicting breach-notification windows: 72h in ""Support ticketing platform"" vs 24h in ""Helpdeskr AI summaries addendum""."
medium,missing_owner,BenefitBridge Demo,ag-06,,"Owner Former owner (left 2026-04) has left; nobody is accountable for ""Employee benefits enrolment""."
medium,obligation_no_evidence,PayCo Example Ltd,ag-01,,"breach notification (24h) has no evidence on file for ""Payroll processing DPA""."
medium,obligation_no_evidence,PayCo Example Ltd,ag-01,,"deletion on termination (30 days after end) has no evidence on file for ""Payroll processing DPA""."
medium,obligation_no_evidence,MailWave Sample Inc,ag-04,,"breach notification (48h) has no evidence on file for ""Transactional email""."
medium,obligation_no_evidence,Helpdeskr Fixture GmbH,ag-05,,"access review (semi-annual) has no evidence on file for ""Support ticketing platform""."
medium,obligation_no_evidence,BenefitBridge Demo,ag-06,,"encryption (AES-256 at rest) has no evidence on file for ""Employee benefits enrolment""."
medium,obligation_no_evidence,BenefitBridge Demo,ag-06,,"deletion on termination (60 days after end) has no evidence on file for ""Employee benefits enrolment""."
medium,obligation_no_evidence,CloudStash Placeholder,ag-08,,"encryption (customer-managed keys) has no evidence on file for ""Backup storage — renewal 2026""."
medium,obligation_no_evidence,CloudStash Placeholder,ag-08,,"deletion on termination (90 days after end) has no evidence on file for ""Backup storage — renewal 2026""."
medium,obligation_no_evidence,Helpdeskr Fixture GmbH,ag-12,,"subprocessor notice (14 days prior) has no evidence on file for ""Helpdeskr AI summaries addendum""."
low,renewal_window_open,PayCo Example Ltd,ag-01,,"""Payroll processing DPA"" ends in 50 days; the 60-day notice window is open."
low,renewal_window_open,MailWave Sample Inc,ag-04,,"""Transactional email"" ends in 24 days; the 45-day notice window is open."
low,stale_flow,Insightly Example Analytics,ag-10,fl-11,Flow fl-11 is marked active but last transferred 2025-02-10.
